{"schemaVersion":"1.0","appDefinitionTemplate":{"id":"/providers/Microsoft.PowerApps/apps/","type":"Microsoft.PowerApps/apps","tags":{"minimumRequiredApiVersion":"2.2.0"},"properties":{"appVersion":"2019-10-25T18:29:19Z","lifeCycleId":"Published","createdByClientVersion":{"major":3,"minor":19102,"build":22,"revision":0,"majorRevision":0,"minorRevision":0},"minClientVersion":{"major":3,"minor":19102,"build":22,"revision":0,"majorRevision":0,"minorRevision":0},"backgroundColor":"rgba(0, 176, 240, 1)","backgroundImageUri":"/2413378633309397689/N4f63426a-99cf-4c77-805f-4d6d478e1b78-logoSmallFile","displayName":"Security Manage Roles","description":"","commitMessage":"","appUris":{"documentUri":{"value":"/2413378633309397689/N034ea5be-ad66-4eda-bc00-7c7ac6a62874-document.msapp","readonlyValue":"/2413378633309397689/N034ea5be-ad66-4eda-bc00-7c7ac6a62874-document.msapp"},"imageUris":[]},"createdTime":"0001-01-01T00:00:00Z","lastModifiedTime":"0001-01-01T00:00:00Z","sharedGroupsCount":0,"sharedUsersCount":0,"icons":{"smallIconUri":"/2413378633309397689/Ne8d4702d-9eeb-4927-9264-c451d9e54648-small.png","mediumIconUri":"/2413378633309397689/Nc2063661-de68-4e16-8680-92ec175bcbcc-medium.png","largeIconUri":"/2413378633309397689/Nbc7b7ee1-f58a-487d-9ef1-62e33cc7ffbf-large.png","wideIconUri":"/2413378633309397689/Nfeb9ab5e-c832-4102-ade9-cc7a53e45bce-wide.png"},"connectionReferences":{},"databaseReferences":{"default.cds":{"databaseDetails":{"referenceType":"Environmental","environmentName":"default.cds"},"dataSources":{"Users":{"entitySetName":"systemusers","logicalName":"systemuser"},"Security Roles":{"entitySetName":"roles","logicalName":"role"},"Accounts":{"entitySetName":"accounts","logicalName":"account"},"Contacts":{"entitySetName":"contacts","logicalName":"contact"},"Opportunities":{"entitySetName":"opportunities","logicalName":"opportunity"},"Competitors":{"entitySetName":"competitors","logicalName":"competitor"}}}},"almMode":"Solution","performanceOptimizationEnabled":false},"isAppComponentLibrary":false,"appComponents":[]}}